<?xml version="1.0" ?><XcosDiagram debugLevel="0" finalIntegrationTime="30.0" integratorAbsoluteTolerance="1.0E-6" integratorRelativeTolerance="1.0E-6" toleranceOnTime="1.0E-10" maxIntegrationTimeInterval="100001.0" maximumStepSize="0.0" realTimeScaling="0.0" solver="1.0" background="-1" gridEnabled="1" title="Безымянный - 8-50-46"><!--Xcos - 2.0 - scilab-6.0.1 - 20210909 1141--><Array as="context" scilabClass="String[]"><add value="beta=1,nu=.3,mu=.5"/></Array><mxGraphModel as="model"><root><mxCell id="0:1:0"/><mxCell id="0:2:0" parent="0:1:0"/><BasicBlock id="16b70264:195744e48bc:-7ff9" parent="0:2:0" interfaceFunctionName="MUX" blockType="c" dependsOnU="1" dependsOnT="0" simulationFunctionName="multiplex" simulationFunctionType="C_OR_FORTRAN" style="MUX"><ScilabString as="exprs" binary="true" position="0"/><ScilabDouble as="realParameters" binary="true" position="1"/><ScilabInteger as="integerParameters" binary="true" position="2"/><Array as="objectsParameters" binary="true" position="3"/><ScilabInteger as="nbZerosCrossing" binary="true" position="4"/><ScilabInteger as="nmode" binary="true" position="4"/><ScilabDouble as="state" binary="true" position="1"/><ScilabDouble as="dState" binary="true" position="1"/><Array as="oDState" binary="true" position="3"/><Array as="equations" binary="true" position="3"/><mxGeometry as="geometry" x="390.0" y="210.0" width="10.0" height="40.0"/></BasicBlock><ExplicitInputPort id="16b70264:195744e48bc:-7ff8" parent="16b70264:195744e48bc:-7ff9" ordering="1" dataType="REAL_MATRIX" dataColumns="1" dataLines="-1" initialState="0.0" style="ExplicitInputPort;align=left;verticalAlign=middle;spacing=10.0;rotation=0"/><ExplicitInputPort id="16b70264:195744e48bc:-7ff7" parent="16b70264:195744e48bc:-7ff9" ordering="2" dataType="REAL_MATRIX" dataColumns="1" dataLines="-2" initialState="0.0" style="ExplicitInputPort;align=left;verticalAlign=middle;spacing=10.0;rotation=0"/><ExplicitInputPort id="16b70264:195744e48bc:-7fe3" parent="16b70264:195744e48bc:-7ff9" ordering="3" dataType="REAL_MATRIX" dataColumns="1" dataLines="-3" initialState="0.0" style="ExplicitInputPort;align=left;verticalAlign=middle;spacing=10.0;rotation=0"/><ExplicitOutputPort id="16b70264:195744e48bc:-7ff6" parent="16b70264:195744e48bc:-7ff9" ordering="1" dataType="REAL_MATRIX" dataColumns="1" dataLines="0" initialState="0.0" style="ExplicitOutputPort;align=right;verticalAlign=middle;spacing=10.0;rotation=0"/><BasicBlock id="16b70264:195744e48bc:-7ff5" parent="0:2:0" interfaceFunctionName="CSCOPE" blockType="c" dependsOnU="1" dependsOnT="0" simulationFunctionName="cscope" simulationFunctionType="C_OR_FORTRAN" style="CSCOPE"><ScilabString as="exprs" binary="true" position="5"/><ScilabDouble as="realParameters" binary="true" position="6"/><ScilabInteger as="integerParameters" binary="true" position="7"/><Array as="objectsParameters" binary="true" position="3"/><ScilabInteger as="nbZerosCrossing" binary="true" position="4"/><ScilabInteger as="nmode" binary="true" position="4"/><ScilabDouble as="state" binary="true" position="1"/><ScilabDouble as="dState" binary="true" position="1"/><Array as="oDState" binary="true" position="3"/><Array as="equations" binary="true" position="3"/><mxGeometry as="geometry" x="495.0" y="205.0" width="40.0" height="40.0"/></BasicBlock><ExplicitInputPort id="16b70264:195744e48bc:-7ff4" parent="16b70264:195744e48bc:-7ff5" ordering="1" dataType="REAL_MATRIX" dataColumns="1" dataLines="-1" initialState="0.0" style="ExplicitInputPort;align=left;verticalAlign=middle;spacing=10.0;rotation=0"/><ControlPort id="16b70264:195744e48bc:-7ff3" parent="16b70264:195744e48bc:-7ff5" ordering="1" dataType="REAL_MATRIX" dataColumns="1" dataLines="1" initialState="0.0" style="ControlPort;align=center;verticalAlign=top;spacing=10.0;rotation=90"/><BasicBlock id="16b70264:195744e48bc:-7ff2" parent="0:2:0" interfaceFunctionName="CLOCK_c" blockType="h" dependsOnU="0" dependsOnT="0" simulationFunctionName="csuper" simulationFunctionType="DEFAULT" style="CLOCK_c"><ScilabDouble as="exprs" binary="true" position="1"/><ScilabDouble as="realParameters" binary="true" position="1"/><ScilabDouble as="integerParameters" binary="true" position="1"/><Array as="objectsParameters" binary="true" position="3"/><ScilabInteger as="nbZerosCrossing" binary="true" position="4"/><ScilabInteger as="nmode" binary="true" position="4"/><ScilabDouble as="state" binary="true" position="1"/><ScilabDouble as="dState" binary="true" position="1"/><Array as="oDState" binary="true" position="3"/><Array as="equations" binary="true" position="3"/><mxGeometry as="geometry" x="495.0" y="95.0" width="40.0" height="40.0"/><SuperBlockDiagram as="child" background="-1" gridEnabled="1" title=""><Array as="context" scilabClass="String[]"></Array><mxGraphModel as="model"><root><mxCell id="16b70264:195744e48bd:-7ff2"/><mxCell id="16b70264:195744e48be:-7ff2" parent="16b70264:195744e48bd:-7ff2"/><EventOutBlock id="16b70264:195744e48bc:-7fd4" parent="16b70264:195744e48be:-7ff2" interfaceFunctionName="CLKOUT_f" blockType="d" dependsOnU="0" dependsOnT="0" simulationFunctionName="output" simulationFunctionType="DEFAULT" style="CLKOUT_f"><ScilabString as="exprs" binary="true" position="8"/><ScilabDouble as="realParameters" binary="true" position="1"/><ScilabInteger as="integerParameters" binary="true" position="9"/><Array as="objectsParameters" binary="true" position="3"/><ScilabInteger as="nbZerosCrossing" binary="true" position="4"/><ScilabInteger as="nmode" binary="true" position="4"/><ScilabDouble as="state" binary="true" position="1"/><ScilabDouble as="dState" binary="true" position="1"/><Array as="oDState" binary="true" position="3"/><Array as="equations" binary="true" position="3"/><mxGeometry as="geometry" x="399.0" y="162.0" width="20.0" height="20.0"/></EventOutBlock><ControlPort id="16b70264:195744e48bc:-7fd3" parent="16b70264:195744e48bc:-7fd4" ordering="1" dataType="REAL_MATRIX" dataColumns="1" dataLines="1" initialState="0.0" style="ControlPort;align=center;verticalAlign=top;spacing=10.0"/><BasicBlock id="16b70264:195744e48bc:-7fd2" parent="16b70264:195744e48be:-7ff2" interfaceFunctionName="EVTDLY_c" blockType="d" dependsOnU="0" dependsOnT="0" simulationFunctionName="evtdly4" simulationFunctionType="C_OR_FORTRAN" style="EVTDLY_c"><ScilabString as="exprs" binary="true" position="10"/><ScilabDouble as="realParameters" binary="true" position="11"/><ScilabDouble as="integerParameters" binary="true" position="1"/><Array as="objectsParameters" binary="true" position="3"/><ScilabInteger as="nbZerosCrossing" binary="true" position="4"/><ScilabInteger as="nmode" binary="true" position="4"/><ScilabDouble as="state" binary="true" position="1"/><ScilabDouble as="dState" binary="true" position="1"/><Array as="oDState" binary="true" position="3"/><Array as="equations" binary="true" position="3"/><mxGeometry as="geometry" x="320.0" y="232.0" width="40.0" height="40.0"/></BasicBlock><ControlPort id="16b70264:195744e48bc:-7fd1" parent="16b70264:195744e48bc:-7fd2" ordering="1" dataType="REAL_MATRIX" dataColumns="1" dataLines="1" initialState="0.0" style="ControlPort;align=center;verticalAlign=top;spacing=10.0"/><CommandPort id="16b70264:195744e48bc:-7fd0" parent="16b70264:195744e48bc:-7fd2" ordering="1" dataType="REAL_MATRIX" dataColumns="1" dataLines="1" initialState="0.0" style="CommandPort;align=center;verticalAlign=bottom;spacing=10.0"/><SplitBlock id="16b70264:195744e48bc:-7fcf" parent="16b70264:195744e48be:-7ff2" interfaceFunctionName="CLKSPLIT_f" blockType="d" dependsOnU="0" dependsOnT="0" simulationFunctionName="split" simulationFunctionType="DEFAULT" style="CLKSPLIT_f"><ScilabDouble as="exprs" binary="true" position="1"/><ScilabDouble as="realParameters" binary="true" position="1"/><ScilabDouble as="integerParameters" binary="true" position="1"/><Array as="objectsParameters" binary="true" position="3"/><ScilabInteger as="nbZerosCrossing" binary="true" position="4"/><ScilabInteger as="nmode" binary="true" position="4"/><ScilabDouble as="state" binary="true" position="1"/><ScilabDouble as="dState" binary="true" position="1"/><Array as="oDState" binary="true" position="3"/><Array as="equations" binary="true" position="3"/><mxGeometry as="geometry" x="380.71066" y="172.0" width="0.3333333333333333" height="0.3333333333333333"/></SplitBlock><ControlPort id="16b70264:195744e48bc:-7fce" parent="16b70264:195744e48bc:-7fcf" ordering="1" dataType="REAL_MATRIX" dataColumns="1" dataLines="1" initialState="0.0" style="ControlPort;align=center;verticalAlign=top;spacing=10.0"/><CommandPort id="16b70264:195744e48bc:-7fcd" parent="16b70264:195744e48bc:-7fcf" ordering="1" dataType="REAL_MATRIX" dataColumns="1" dataLines="1" initialState="0.0" style="CommandPort;align=center;verticalAlign=bottom;spacing=10.0"/><CommandPort id="16b70264:195744e48bc:-7fcc" parent="16b70264:195744e48bc:-7fcf" ordering="2" dataType="REAL_MATRIX" dataColumns="1" dataLines="1" initialState="0.0" style="CommandPort;align=center;verticalAlign=bottom;spacing=10.0"/><CommandControlLink id="16b70264:195744e48bc:-7fcb" parent="16b70264:195744e48be:-7ff2" source="16b70264:195744e48bc:-7fd0" target="16b70264:195744e48bc:-7fce" style="CommandControlLink" value=""><mxGeometry as="geometry"><mxPoint as="sourcePoint" x="340.0" y="226.29"/><Array as="points"><mxPoint x="340.0" y="172.0"/></Array><mxPoint as="targetPoint" x="380.71" y="172.0"/></mxGeometry></CommandControlLink><CommandControlLink id="16b70264:195744e48bc:-7fca" parent="16b70264:195744e48be:-7ff2" source="16b70264:195744e48bc:-7fcd" target="16b70264:195744e48bc:-7fd3" style="CommandControlLink" value=""><mxGeometry as="geometry"><mxPoint as="sourcePoint" x="380.71" y="172.0"/><Array as="points"></Array><mxPoint as="targetPoint" x="399.0" y="172.0"/></mxGeometry></CommandControlLink><CommandControlLink id="16b70264:195744e48bc:-7fc9" parent="16b70264:195744e48be:-7ff2" source="16b70264:195744e48bc:-7fcc" target="16b70264:195744e48bc:-7fd1" style="CommandControlLink" value=""><mxGeometry as="geometry"><mxPoint as="sourcePoint" x="380.71" y="172.0"/><Array as="points"><mxPoint x="380.71" y="302.0"/><mxPoint x="340.0" y="302.0"/></Array><mxPoint as="targetPoint" x="340.0" y="277.71"/></mxGeometry></CommandControlLink></root></mxGraphModel><mxCell as="defaultParent" id="16b70264:195744e48be:-7ff2" parent="16b70264:195744e48bd:-7ff2"/></SuperBlockDiagram></BasicBlock><CommandPort id="16b70264:195744e48bc:-7ff1" parent="16b70264:195744e48bc:-7ff2" ordering="1" dataType="REAL_MATRIX" dataColumns="1" dataLines="1" initialState="0.0" style="CommandPort;align=center;verticalAlign=bottom;spacing=10.0;rotation=90"/><BasicBlock id="16b70264:195744e48bc:-7ff0" parent="0:2:0" interfaceFunctionName="MBLOCK" blockType="c" dependsOnU="0" dependsOnT="1" simulationFunctionName="generic" simulationFunctionType="MODELICA" style="MBLOCK"><Array as="exprs" binary="true" position="12"/><ScilabDouble as="realParameters" binary="true" position="1"/><ScilabDouble as="integerParameters" binary="true" position="1"/><Array as="objectsParameters" binary="true" position="3"/><ScilabInteger as="nbZerosCrossing" binary="true" position="4"/><ScilabInteger as="nmode" binary="true" position="4"/><ScilabDouble as="state" binary="true" position="1"/><ScilabDouble as="dState" binary="true" position="1"/><Array as="oDState" binary="true" position="3"/><Array as="equations" binary="true" position="13"/><mxGeometry as="geometry" x="205.0" y="215.0" width="60.0" height="40.0"/></BasicBlock><ExplicitInputPort id="16b70264:195744e48bc:-7fef" parent="16b70264:195744e48bc:-7ff0" ordering="1" dataType="REAL_MATRIX" dataColumns="1" dataLines="1" initialState="0.0" style="ImplicitInputPort;align=left;verticalAlign=middle;spacing=10.0;rotation=0"/><ExplicitInputPort id="16b70264:195744e48bc:-7fe6" parent="16b70264:195744e48bc:-7ff0" ordering="2" dataType="REAL_MATRIX" dataColumns="1" dataLines="1" initialState="0.0" style="ExplicitInputPort;align=left;verticalAlign=middle;spacing=10.0;rotation=0"/><ExplicitInputPort id="16b70264:195744e48bc:-7fe5" parent="16b70264:195744e48bc:-7ff0" ordering="3" dataType="REAL_MATRIX" dataColumns="1" dataLines="1" initialState="0.0" style="ExplicitInputPort;align=left;verticalAlign=middle;spacing=10.0;rotation=0"/><ExplicitOutputPort id="16b70264:195744e48bc:-7fee" parent="16b70264:195744e48bc:-7ff0" ordering="1" dataType="REAL_MATRIX" dataColumns="1" dataLines="1" initialState="0.0" style="ImplicitOutputPort;align=right;verticalAlign=middle;spacing=10.0;rotation=0"/><ExplicitOutputPort id="16b70264:195744e48bc:-7fed" parent="16b70264:195744e48bc:-7ff0" ordering="2" dataType="REAL_MATRIX" dataColumns="1" dataLines="1" initialState="0.0" style="ExplicitOutputPort;align=right;verticalAlign=middle;spacing=10.0;rotation=0"/><ExplicitOutputPort id="16b70264:195744e48bc:-7fe4" parent="16b70264:195744e48bc:-7ff0" ordering="3" dataType="REAL_MATRIX" dataColumns="1" dataLines="1" initialState="0.0" style="ExplicitOutputPort;align=right;verticalAlign=middle;spacing=10.0;rotation=0"/><BasicBlock id="16b70264:195744e48bc:-7fec" parent="0:2:0" interfaceFunctionName="CONST_m" blockType="d" dependsOnU="0" dependsOnT="0" simulationFunctionName="cstblk4_m" simulationFunctionType="C_OR_FORTRAN" style="CONST_m"><ScilabString as="exprs" binary="true" position="14"/><ScilabDouble as="realParameters" binary="true" position="1"/><ScilabDouble as="integerParameters" binary="true" position="1"/><Array as="objectsParameters" binary="true" position="15"/><ScilabInteger as="nbZerosCrossing" binary="true" position="4"/><ScilabInteger as="nmode" binary="true" position="4"/><ScilabDouble as="state" binary="true" position="1"/><ScilabDouble as="dState" binary="true" position="1"/><Array as="oDState" binary="true" position="3"/><Array as="equations" binary="true" position="3"/><mxGeometry as="geometry" x="50.0" y="90.0" width="40.0" height="40.0"/></BasicBlock><ExplicitOutputPort id="16b70264:195744e48bc:-7feb" parent="16b70264:195744e48bc:-7fec" ordering="1" dataType="REAL_MATRIX" dataColumns="1" dataLines="1" initialState="0.0" style="ExplicitOutputPort;align=right;verticalAlign=middle;spacing=10.0;rotation=0"/><BasicBlock id="16b70264:195744e48bc:-7fea" parent="0:2:0" interfaceFunctionName="CONST_m" blockType="d" dependsOnU="0" dependsOnT="0" simulationFunctionName="cstblk4_m" simulationFunctionType="C_OR_FORTRAN" style="CONST_m"><ScilabString as="exprs" binary="true" position="16"/><ScilabDouble as="realParameters" binary="true" position="1"/><ScilabDouble as="integerParameters" binary="true" position="1"/><Array as="objectsParameters" binary="true" position="17"/><ScilabInteger as="nbZerosCrossing" binary="true" position="4"/><ScilabInteger as="nmode" binary="true" position="4"/><ScilabDouble as="state" binary="true" position="1"/><ScilabDouble as="dState" binary="true" position="1"/><Array as="oDState" binary="true" position="3"/><Array as="equations" binary="true" position="3"/><mxGeometry as="geometry" x="55.0" y="265.0" width="40.0" height="40.0"/></BasicBlock><ExplicitOutputPort id="16b70264:195744e48bc:-7fe9" parent="16b70264:195744e48bc:-7fea" ordering="1" dataType="REAL_MATRIX" dataColumns="1" dataLines="1" initialState="0.0" style="ExplicitOutputPort;align=right;verticalAlign=middle;spacing=10.0;rotation=0"/><BasicBlock id="16b70264:195744e48bc:-7fe8" parent="0:2:0" interfaceFunctionName="CONST_m" blockType="d" dependsOnU="0" dependsOnT="0" simulationFunctionName="cstblk4_m" simulationFunctionType="C_OR_FORTRAN" style="CONST_m"><ScilabString as="exprs" binary="true" position="18"/><ScilabDouble as="realParameters" binary="true" position="1"/><ScilabDouble as="integerParameters" binary="true" position="1"/><Array as="objectsParameters" binary="true" position="19"/><ScilabInteger as="nbZerosCrossing" binary="true" position="4"/><ScilabInteger as="nmode" binary="true" position="4"/><ScilabDouble as="state" binary="true" position="1"/><ScilabDouble as="dState" binary="true" position="1"/><Array as="oDState" binary="true" position="3"/><Array as="equations" binary="true" position="3"/><mxGeometry as="geometry" x="50.0" y="180.0" width="40.0" height="40.0"/></BasicBlock><ExplicitOutputPort id="16b70264:195744e48bc:-7fe7" parent="16b70264:195744e48bc:-7fe8" ordering="1" dataType="REAL_MATRIX" dataColumns="1" dataLines="1" initialState="0.0" style="ExplicitOutputPort;align=right;verticalAlign=middle;spacing=10.0;rotation=0"/><ExplicitLink id="16b70264:195744e48bc:-7fe2" parent="0:2:0" source="16b70264:195744e48bc:-7feb" target="16b70264:195744e48bc:-7fef" style="ExplicitLink" value=""><mxGeometry as="geometry"><mxPoint as="sourcePoint" x="0.0" y="0.0"/><Array as="points"></Array><mxPoint as="targetPoint" x="0.0" y="0.0"/></mxGeometry></ExplicitLink><ExplicitLink id="16b70264:195744e48bc:-7fe1" parent="0:2:0" source="16b70264:195744e48bc:-7fe7" target="16b70264:195744e48bc:-7fe6" style="ExplicitLink" value=""><mxGeometry as="geometry"><mxPoint as="sourcePoint" x="0.0" y="0.0"/><Array as="points"></Array><mxPoint as="targetPoint" x="0.0" y="0.0"/></mxGeometry></ExplicitLink><ExplicitLink id="16b70264:195744e48bc:-7fe0" parent="0:2:0" source="16b70264:195744e48bc:-7fe9" target="16b70264:195744e48bc:-7fe5" style="ExplicitLink" value=""><mxGeometry as="geometry"><mxPoint as="sourcePoint" x="0.0" y="0.0"/><Array as="points"></Array><mxPoint as="targetPoint" x="0.0" y="0.0"/></mxGeometry></ExplicitLink><ExplicitLink id="16b70264:195744e48bc:-7fdf" parent="0:2:0" source="16b70264:195744e48bc:-7fee" target="16b70264:195744e48bc:-7ff8" style="ExplicitLink" value=""><mxGeometry as="geometry"><mxPoint as="sourcePoint" x="0.0" y="0.0"/><Array as="points"></Array><mxPoint as="targetPoint" x="0.0" y="0.0"/></mxGeometry></ExplicitLink><ExplicitLink id="16b70264:195744e48bc:-7fdd" parent="0:2:0" source="16b70264:195744e48bc:-7ff6" target="16b70264:195744e48bc:-7ff4" style="ExplicitLink" value=""><mxGeometry as="geometry"><mxPoint as="sourcePoint" x="0.0" y="0.0"/><Array as="points"></Array><mxPoint as="targetPoint" x="0.0" y="0.0"/></mxGeometry></ExplicitLink><ExplicitLink id="16b70264:195744e48bc:-7fdc" parent="0:2:0" source="16b70264:195744e48bc:-7fed" target="16b70264:195744e48bc:-7ff7" style="ExplicitLink" value=""><mxGeometry as="geometry"><mxPoint as="sourcePoint" x="0.0" y="0.0"/><Array as="points"></Array><mxPoint as="targetPoint" x="0.0" y="0.0"/></mxGeometry></ExplicitLink><ExplicitLink id="16b70264:195744e48bc:-7fdb" parent="0:2:0" source="16b70264:195744e48bc:-7fe4" target="16b70264:195744e48bc:-7fe3" style="ExplicitLink" value=""><mxGeometry as="geometry"><mxPoint as="sourcePoint" x="0.0" y="0.0"/><Array as="points"></Array><mxPoint as="targetPoint" x="0.0" y="0.0"/></mxGeometry></ExplicitLink><CommandControlLink id="16b70264:195744e48bc:-7fda" parent="0:2:0" source="16b70264:195744e48bc:-7ff1" target="16b70264:195744e48bc:-7ff3" style="CommandControlLink" value=""><mxGeometry as="geometry"><mxPoint as="sourcePoint" x="0.0" y="0.0"/><Array as="points"></Array><mxPoint as="targetPoint" x="0.0" y="0.0"/></mxGeometry></CommandControlLink></root></mxGraphModel><mxCell as="defaultParent" id="0:2:0" parent="0:1:0"/></XcosDiagram>